time,average,high,low,open
2017-11-23 15:00:00,8207.32,8216.91,8194.65,8205.45
2017-11-23 16:00:00,8191.67,8202.09,8180.06,8194.65
2017-11-23 17:00:00,8170.92,8188.98,8156.2,8187.15
2017-11-23 18:00:00,8166.31,8177.72,8155.71,8177.72
2017-11-23 19:00:00,8168.54,8180.93,8158.99,8160.23
2017-11-23 20:00:00,8181.34,8201.97,8160.13,8167.06
2017-11-23 21:00:00,8190.3,8200.62,8183.55,8200.03
2017-11-23 22:00:00,8177.63,8193.04,8154.51,8189.94
2017-11-23 23:00:00,8105.14,8155.47,8036.51,8155.37
2017-11-24 00:00:00,8062.93,8103.33,8021.48,8036.51
2017-11-24 01:00:00,7983.89,8021.48,7932.01,8021.48
2017-11-24 02:00:00,8057.29,8092.74,7983.87,7983.87
2017-11-24 03:00:00,8113.47,8141.22,8087.64,8090.39
2017-11-24 04:00:00,8074.19,8110.28,8041.52,8110.28
2017-11-24 05:00:00,8100.86,8125.81,8077.12,8096.9
2017-11-24 06:00:00,8155.71,8200.68,8124.41,8124.41
2017-11-24 07:00:00,8205.27,8277.64,8168.62,8197.92
2017-11-24 08:00:00,8301.7,8351.31,8253.44,8277.64
2017-11-24 09:00:00,8204.82,8273.98,8135.48,8273.98
2017-11-24 10:00:00,8209.07,8236.42,8190.52,8236.42
2017-11-24 11:00:00,8252.11,8278.6,8206.79,8209.65
2017-11-24 12:00:00,8248.16,8268.97,8214.98,8263.55
2017-11-24 13:00:00,8217.6,8227.62,8206.19,8214.98
2017-11-24 14:00:00,8212.05,8234.66,8192.85,8227.62
2017-11-24 15:00:00,8214.44,8234.29,8198.32,8203.25
2017-11-24 16:00:00,8199.27,8215.24,8183.68,8201.6
2017-11-24 17:00:00,8228.66,8247.17,8200.37,8215.24
2017-11-24 18:00:00,8259.26,8285.01,8234.09,8246.95
2017-11-24 19:00:00,8273.74,8301.5,8225.18,8270.05
2017-11-24 20:00:00,8234.88,8252.79,8212.19,8241.63
2017-11-24 21:00:00,8266.47,8289.29,8233.68,8252.79
2017-11-24 22:00:00,8268.24,8275.21,8257.73,8269.17
2017-11-24 23:00:00,8242.79,8270.98,8221.88,8268.2
2017-11-25 00:00:00,8218.6,8238.1,8201.4,8221.88
2017-11-25 01:00:00,8199.97,8215.3,8178.96,8205.65
2017-11-25 02:00:00,8212.7,8232.65,8187.03,8189.64
2017-11-25 03:00:00,8227.09,8240.28,8213.78,8213.78
2017-11-25 04:00:00,8229.08,8261.2,8218.33,8218.33
2017-11-25 05:00:00,8254.89,8264.16,8244.13,8257.15
2017-11-25 06:00:00,8256.18,8264.94,8247.47,8251.96
2017-11-25 07:00:00,8286.85,8330.88,8255.39,8255.39
2017-11-25 08:00:00,8407.11,8444.57,8324.44,8326.56
2017-11-25 09:00:00,8448.28,8491.43,8400.25,8402.56
2017-11-25 10:00:00,8470.6,8486.24,8448.78,8448.78
2017-11-25 11:00:00,8458.26,8480.29,8425.48,8457.31
2017-11-25 12:00:00,8536.94,8637.83,8477.03,8477.18
2017-11-25 13:00:00,8622.83,8653.5,8591.28,8624.38
2017-11-25 14:00:00,8607.58,8635.13,8587.31,8631.14
2017-11-25 15:00:00,8596.97,8642.36,8571.89,8587.31
2017-11-25 16:00:00,8667.22,8723.84,8623.14,8630.48
2017-11-25 17:00:00,8700.96,8720.39,8676.52,8713.27
2017-11-25 18:00:00,8694.86,8721.33,8651.71,8712.56
2017-11-25 19:00:00,8667.35,8680.34,8653.28,8662.89
2017-11-25 20:00:00,8699.58,8712.12,8677.19,8677.19
2017-11-25 21:00:00,8708.64,8715.55,8696.02,8711.26
2017-11-25 22:00:00,8730.58,8748.91,8701.13,8710.95
2017-11-25 23:00:00,8733.56,8772.38,8705.18,8707.68
2017-11-26 00:00:00,8804.74,8861.62,8765.66,8767.53
2017-11-26 01:00:00,8831.1,8857.93,8796.26,8844.11
2017-11-26 02:00:00,8852.91,8909.72,8811.31,8842.4
2017-11-26 03:00:00,8857.24,8876.82,8821.96,8822.91
2017-11-26 04:00:00,8884.74,8937.86,8855.98,8872.12
2017-11-26 05:00:00,8927.4,8957.91,8884.86,8923.27
2017-11-26 06:00:00,8984.78,9015.75,8923.09,8923.09
2017-11-26 07:00:00,9013.12,9058.53,8945.01,9015.75
2017-11-26 08:00:00,9000.62,9042.1,8897.8,9000.17
2017-11-26 09:00:00,8943.8,8967.74,8897.8,8897.8
2017-11-26 10:00:00,8923.87,8981.79,8880.26,8931.26
2017-11-26 11:00:00,8991.27,9014.21,8973.5,8979.17
2017-11-26 12:00:00,8976.99,9005.38,8949.59,8982.41
2017-11-26 13:00:00,9002.51,9043.58,8975.26,8975.26
2017-11-26 14:00:00,9009.52,9023.36,8994.25,8994.25
2017-11-26 15:00:00,9082.64,9143.64,9002.52,9003.0
2017-11-26 16:00:00,9219.81,9324.02,9143.64,9143.64
2017-11-26 17:00:00,9316.48,9404.13,9255.97,9324.02
2017-11-26 18:00:00,9388.07,9481.91,9291.51,9291.51
2017-11-26 19:00:00,9311.14,9475.52,9150.65,9475.52
2017-11-26 20:00:00,9322.18,9391.62,9257.29,9257.29
2017-11-26 21:00:00,9294.65,9373.12,9213.78,9313.51
2017-11-26 22:00:00,9374.13,9395.2,9342.38,9373.12
2017-11-26 23:00:00,9321.86,9353.4,9292.43,9353.4
2017-11-27 00:00:00,9429.03,9583.14,9327.8,9327.8
2017-11-27 01:00:00,9621.65,9686.13,9559.83,9559.83
2017-11-27 02:00:00,9629.38,9693.54,9471.28,9650.1
2017-11-27 03:00:00,9602.99,9633.65,9574.99,9574.99
2017-11-27 04:00:00,9660.07,9693.44,9596.08,9596.08
2017-11-27 05:00:00,9612.68,9674.51,9563.91,9674.51
2017-11-27 06:00:00,9660.98,9697.1,9619.12,9629.44
2017-11-27 07:00:00,9666.39,9701.24,9635.65,9645.54
2017-11-27 08:00:00,9703.99,9733.25,9671.33,9690.26
2017-11-27 09:00:00,9526.23,9733.25,9358.82,9733.25
2017-11-27 10:00:00,9547.6,9601.41,9463.98,9485.66
2017-11-27 11:00:00,9605.64,9648.13,9558.71,9601.41
2017-11-27 12:00:00,9676.84,9701.48,9640.31,9648.13
2017-11-27 13:00:00,9656.31,9699.11,9616.24,9645.12
2017-11-27 14:00:00,9638.78,9653.62,9620.73,9645.46
2017-11-27 15:00:00,9667.65,9685.22,9646.27,9646.27
2017-11-27 16:00:00,9628.45,9681.08,9545.64,9664.24
2017-11-27 17:00:00,9553.65,9605.8,9502.71,9605.8
2017-11-27 18:00:00,9580.54,9625.02,9534.71,9598.45
2017-11-27 19:00:00,9553.2,9582.98,9517.58,9534.71
2017-11-27 20:00:00,9582.19,9606.84,9552.68,9568.23
2017-11-27 21:00:00,9663.24,9689.55,9594.6,9594.6
2017-11-27 22:00:00,9659.32,9684.08,9605.3,9676.29
2017-11-27 23:00:00,9719.66,9757.87,9680.36,9680.36
2017-11-28 00:00:00,9720.51,9736.01,9695.67,9733.11
2017-11-28 01:00:00,9698.82,9728.9,9655.68,9710.97
2017-11-28 02:00:00,9680.86,9697.18,9656.9,9689.09
2017-11-28 03:00:00,9689.34,9710.12,9655.37,9658.54
2017-11-28 04:00:00,9722.52,9788.25,9688.86,9706.59
2017-11-28 05:00:00,9828.15,9871.68,9788.25,9788.25
2017-11-28 06:00:00,9858.15,9876.67,9831.25,9865.74
2017-11-28 07:00:00,9856.05,9881.68,9832.65,9855.94
2017-11-28 08:00:00,9839.14,9877.12,9806.88,9876.75
2017-11-28 09:00:00,9872.34,9892.2,9851.12,9851.12
2017-11-28 10:00:00,9865.88,9875.78,9850.08,9865.23
2017-11-28 11:00:00,9917.82,9945.24,9874.06,9874.06
2017-11-28 12:00:00,9928.31,9951.57,9898.99,9945.24
2017-11-28 13:00:00,9868.58,9916.94,9827.3,9916.87
2017-11-28 14:00:00,9911.58,9938.19,9837.8,9837.8
2017-11-28 15:00:00,9915.23,9958.99,9891.02,9931.6
2017-11-28 16:00:00,9938.49,9974.21,9906.28,9954.93
2017-11-28 17:00:00,9943.33,9960.04,9927.03,9943.63
2017-11-28 18:00:00,9995.05,10036.15,9958.39,9960.04
2017-11-28 19:00:00,9990.62,10023.52,9943.86,10010.67
2017-11-28 20:00:00,9971.23,9996.58,9934.44,9991.66
2017-11-28 21:00:00,9966.69,9997.76,9934.44,9934.44
2017-11-28 22:00:00,9995.7,10004.72,9985.38,9992.01
2017-11-28 23:00:00,9967.44,9987.15,9952.14,9987.15
2017-11-29 00:00:00,9984.19,10002.08,9962.77,9962.86
2017-11-29 01:00:00,10046.72,10090.22,9993.72,9993.72
2017-11-29 02:00:00,10098.82,10179.15,10057.63,10081.47
2017-11-29 03:00:00,10246.74,10368.36,10157.71,10163.58
2017-11-29 04:00:00,10351.29,10470.0,10245.43,10288.01
2017-11-29 05:00:00,10571.42,10860.61,10168.78,10455.52
2017-11-29 06:00:00,10420.88,10563.24,10168.78,10168.78
2017-11-29 07:00:00,10496.15,10615.06,10393.78,10393.78
2017-11-29 08:00:00,10659.86,10717.38,10588.76,10588.76
2017-11-29 09:00:00,10730.87,10812.18,10672.66,10682.12
2017-11-29 10:00:00,10791.99,10877.06,10711.44,10772.04
2017-11-29 11:00:00,10871.49,10916.13,10778.56,10877.06
2017-11-29 12:00:00,10923.3,10963.18,10858.47,10858.47
2017-11-29 13:00:00,10971.19,11192.02,10927.74,10934.85
2017-11-29 14:00:00,11245.99,11412.58,11163.59,11192.02
2017-11-29 15:00:00,10900.89,11315.58,10609.86,11182.15
2017-11-29 16:00:00,10964.03,11052.85,10822.58,10883.09
2017-11-29 17:00:00,10728.02,10867.38,10511.53,10822.58
2017-11-29 18:00:00,10574.47,10752.52,10340.24,10632.68
2017-11-29 19:00:00,9764.99,10385.89,9211.78,10385.46
2017-11-29 20:00:00,9772.29,9974.8,9501.27,9536.33
2017-11-29 21:00:00,9861.42,10220.21,9566.56,9629.63
2017-11-29 22:00:00,10139.35,10312.26,9917.83,10201.7
2017-11-29 23:00:00,9847.13,10098.1,9661.49,10020.37
2017-11-30 00:00:00,9972.82,10109.27,9771.23,9861.37
2017-11-30 01:00:00,10274.01,10519.37,10028.54,10028.54
2017-11-30 02:00:00,10436.55,10505.48,10312.47,10504.01
2017-11-30 03:00:00,10526.82,10608.01,10431.13,10492.14
2017-11-30 04:00:00,10648.81,10698.63,10564.35,10564.35
2017-11-30 05:00:00,10484.58,10644.38,10273.31,10626.02
2017-11-30 06:00:00,10155.73,10429.32,9956.83,10429.32
2017-11-30 07:00:00,10216.7,10292.46,10116.37,10175.56
2017-11-30 08:00:00,10314.56,10404.87,10225.85,10250.2
2017-11-30 09:00:00,10225.1,10337.8,10089.03,10337.8
2017-11-30 10:00:00,9992.38,10238.31,9599.06,10182.78
2017-11-30 11:00:00,9778.78,9915.88,9599.06,9599.06
2017-11-30 12:00:00,9839.91,9970.79,9665.93,9773.94
2017-11-30 13:00:00,9529.82,9893.95,9113.79,9893.95
2017-11-30 14:00:00,9295.92,9494.74,9034.31,9252.91
2017-11-30 15:00:00,9325.9,9514.65,9127.51,9490.6
2017-11-30 16:00:00,9405.32,9508.09,9298.76,9307.02
2017-11-30 17:00:00,9448.82,9696.75,9245.32,9390.39
2017-11-30 18:00:00,9709.0,9823.91,9616.58,9648.23
2017-11-30 19:00:00,9853.96,9949.99,9692.01,9701.63
2017-11-30 20:00:00,9705.06,9943.9,9498.5,9921.38
2017-11-30 21:00:00,9673.56,9813.1,9498.5,9498.5
2017-11-30 22:00:00,9881.96,10009.68,9743.77,9764.4
2017-11-30 23:00:00,10044.75,10167.49,9872.35,9872.35
2017-12-01 00:00:00,10041.72,10131.55,9906.59,9999.86
2017-12-01 01:00:00,9843.13,9931.21,9756.19,9931.21
2017-12-01 02:00:00,9771.33,9873.45,9652.4,9849.74
2017-12-01 03:00:00,9777.73,9863.5,9718.54,9860.26
2017-12-01 04:00:00,9869.39,9971.26,9727.77,9757.21
2017-12-01 05:00:00,9766.44,9922.82,9633.63,9922.82
2017-12-01 06:00:00,9667.7,9734.14,9529.35,9662.54
2017-12-01 07:00:00,9571.57,9632.92,9487.93,9529.35
2017-12-01 08:00:00,9775.94,9917.47,9620.11,9620.11
2017-12-01 09:00:00,9958.03,10097.49,9847.27,9879.36
2017-12-01 10:00:00,9960.38,10090.6,9861.22,10090.6
2017-12-01 11:00:00,9990.65,10039.5,9868.54,9868.54
2017-12-01 12:00:00,10239.3,10336.75,10032.37,10032.37
2017-12-01 13:00:00,10516.91,10739.32,10210.17,10210.17
2017-12-01 14:00:00,10644.35,10752.08,10516.3,10698.76
2017-12-01 15:00:00,10576.04,10627.55,10501.43,10625.24
2017-12-01 16:00:00,10631.19,10726.42,10551.65,10585.27
2017-12-01 17:00:00,10563.6,10668.19,10503.21,10668.19
2017-12-01 18:00:00,10556.01,10602.62,10507.42,10507.42
2017-12-01 19:00:00,10620.09,10667.74,10536.88,10536.88
2017-12-01 20:00:00,10721.71,10868.91,10597.79,10597.79
2017-12-01 21:00:00,10863.94,10965.43,10782.78,10824.73
2017-12-01 22:00:00,10877.65,10944.23,10808.14,10911.35
2017-12-01 23:00:00,10825.09,10913.08,10741.8,10854.74
2017-12-02 00:00:00,10948.39,10995.05,10874.58,10893.06
2017-12-02 01:00:00,11034.63,11121.92,10945.15,10945.15
2017-12-02 02:00:00,11033.31,11079.65,10984.78,11072.74
2017-12-02 03:00:00,10991.27,11056.65,10951.87,11052.44
2017-12-02 04:00:00,10834.85,10956.64,10737.21,10956.38
2017-12-02 05:00:00,10823.04,10931.75,10741.84,10864.94
2017-12-02 06:00:00,10940.09,10976.98,10900.76,10931.75
2017-12-02 07:00:00,10932.42,11006.41,10858.03,10904.95
2017-12-02 08:00:00,10972.09,11008.25,10920.49,10981.58
2017-12-02 09:00:00,11110.65,11164.95,10991.1,10991.1
2017-12-02 10:00:00,11166.87,11196.59,11121.01,11164.95
2017-12-02 11:00:00,11023.06,11129.48,10910.72,11124.64
2017-12-02 12:00:00,11044.98,11126.64,10990.75,11003.98
2017-12-02 13:00:00,11103.72,11156.77,11029.71,11126.64
2017-12-02 14:00:00,10930.45,11102.42,10775.79,11051.59
2017-12-02 15:00:00,10883.26,10970.91,10765.57,10940.52
2017-12-02 16:00:00,10829.16,10887.58,10771.04,10785.85
2017-12-02 17:00:00,10919.79,10967.65,10866.19,10884.15
2017-12-02 18:00:00,10997.77,11021.27,10937.47,10937.47
2017-12-02 19:00:00,10958.82,10989.0,10910.43,10971.06
2017-12-02 20:00:00,10958.57,10992.07,10928.18,10947.91
2017-12-02 21:00:00,11029.18,11078.91,10992.07,10992.07
2017-12-02 22:00:00,11025.19,11065.24,10993.59,11065.24
2017-12-02 23:00:00,10970.77,11024.3,10914.26,10993.82
2017-12-03 00:00:00,10973.74,11022.44,10859.6,10939.29
2017-12-03 01:00:00,10909.96,10956.17,10865.35,10923.22
2017-12-03 02:00:00,10961.26,10981.09,10931.85,10948.46
2017-12-03 03:00:00,10955.6,11002.3,10913.01,10964.63
2017-12-03 04:00:00,11046.1,11119.52,11001.02,11001.02
2017-12-03 05:00:00,11079.34,11108.62,11059.28,11086.98
2017-12-03 06:00:00,11076.03,11136.3,11009.92,11081.63
2017-12-03 07:00:00,11161.8,11183.4,11118.91,11122.91
2017-12-03 08:00:00,11166.92,11201.02,11116.87,11179.15
2017-12-03 09:00:00,11150.11,11179.22,11111.45,11152.42
2017-12-03 10:00:00,11157.0,11170.89,11121.43,11121.43
2017-12-03 11:00:00,11384.69,11590.41,11130.71,11136.28
2017-12-03 12:00:00,11605.22,11710.01,11527.78,11587.83
2017-12-03 13:00:00,11658.09,11699.08,11619.84,11630.17
2017-12-03 14:00:00,11617.26,11704.11,11574.32,11672.09
2017-12-03 15:00:00,11735.87,11787.42,11629.41,11629.41
2017-12-03 16:00:00,11738.16,11780.21,11667.24,11740.04
2017-12-03 17:00:00,11705.85,11733.9,11668.44,11668.44
2017-12-03 18:00:00,11697.71,11731.62,11657.68,11672.52
2017-12-03 19:00:00,11732.47,11740.77,11718.13,11728.0
2017-12-03 20:00:00,11630.66,11826.77,11264.17,11739.67
2017-12-03 21:00:00,11157.34,11458.38,10706.81,11408.64
2017-12-03 22:00:00,10983.32,11250.04,10534.3,10968.38
2017-12-03 23:00:00,11152.43,11251.8,11067.92,11124.75
2017-12-04 00:00:00,11289.72,11366.11,11230.66,11242.21
2017-12-04 01:00:00,11407.08,11450.71,11280.66,11280.66
2017-12-04 02:00:00,11314.84,11432.4,11238.57,11432.4
2017-12-04 03:00:00,11363.4,11414.32,11307.43,11307.43
2017-12-04 04:00:00,11485.78,11543.68,11411.66,11411.66
2017-12-04 05:00:00,11464.03,11548.53,11373.0,11512.41
2017-12-04 06:00:00,11443.12,11496.67,11375.8,11466.16
2017-12-04 07:00:00,11485.58,11579.81,11405.51,11460.0
2017-12-04 08:00:00,11541.41,11579.81,11465.28,11579.81
2017-12-04 09:00:00,11519.14,11575.9,11400.16,11541.82
2017-12-04 10:00:00,11348.76,11415.89,11286.61,11413.69
2017-12-04 11:00:00,11339.71,11396.58,11175.4,11384.89
2017-12-04 12:00:00,11241.14,11292.57,11167.66,11227.98
2017-12-04 13:00:00,11137.95,11324.67,10917.89,11234.57
2017-12-04 14:00:00,11365.97,11455.57,11275.48,11296.71
2017-12-04 15:00:00,11367.49,11463.09,11270.91,11429.58
2017-12-04 16:00:00,11337.38,11399.01,11278.49,11399.01
2017-12-04 17:00:00,11348.98,11370.88,11302.32,11313.23
2017-12-04 18:00:00,11216.92,11315.73,11161.97,11315.73
2017-12-04 19:00:00,11238.29,11280.16,11203.69,11244.73
2017-12-04 20:00:00,11442.01,11548.36,11253.61,11253.61
2017-12-04 21:00:00,11536.39,11560.04,11446.57,11446.57
2017-12-04 22:00:00,11506.04,11532.12,11472.66,11509.1
2017-12-04 23:00:00,11553.26,11640.97,11496.43,11507.14
2017-12-05 00:00:00,11620.02,11667.22,11582.4,11640.97
2017-12-05 01:00:00,11600.78,11633.61,11573.4,11617.52
2017-12-05 02:00:00,11623.87,11680.83,11546.83,11582.66
2017-12-05 03:00:00,11597.0,11624.89,11553.47,11572.98
2017-12-05 04:00:00,11550.99,11629.34,11510.69,11623.22
2017-12-05 05:00:00,11581.86,11618.15,11545.77,11551.04
2017-12-05 06:00:00,11601.25,11617.61,11573.68,11574.89
2017-12-05 07:00:00,11677.56,11815.91,11602.14,11615.77
2017-12-05 08:00:00,11801.12,11833.21,11764.0,11815.91
2017-12-05 09:00:00,11781.4,11817.65,11693.24,11817.65
2017-12-05 10:00:00,11661.64,11729.5,11573.99,11728.0
2017-12-05 11:00:00,11700.9,11732.45,11653.19,11693.39
2017-12-05 12:00:00,11730.27,11781.22,11660.19,11720.87
2017-12-05 13:00:00,11843.01,11930.68,11781.09,11781.13
2017-12-05 14:00:00,11838.06,11876.32,11787.96,11787.96
2017-12-05 15:00:00,11839.87,11876.21,11796.79,11819.95
2017-12-05 16:00:00,11720.87,11849.64,11621.47,11849.64
2017-12-05 17:00:00,11758.36,11795.0,11687.36,11694.39
2017-12-05 18:00:00,11755.75,11773.29,11712.96,11729.96
2017-12-05 19:00:00,11789.89,11814.75,11754.34,11765.65
2017-12-05 20:00:00,11813.0,11845.98,11776.83,11776.83
2017-12-05 21:00:00,11807.83,11821.66,11789.08,11807.46
2017-12-05 22:00:00,11785.79,11829.61,11741.98,11816.77
2017-12-05 23:00:00,11765.56,11796.91,11716.93,11779.15
2017-12-06 00:00:00,11815.28,11890.18,11727.6,11728.55
2017-12-06 01:00:00,11904.57,11965.17,11879.98,11882.06
2017-12-06 02:00:00,12092.92,12202.92,11949.29,11965.17
2017-12-06 03:00:00,12251.47,12319.26,12165.44,12195.58
2017-12-06 04:00:00,12261.59,12303.78,12207.96,12286.08
2017-12-06 05:00:00,12248.62,12329.98,12211.6,12276.68
2017-12-06 06:00:00,12415.88,12482.6,12328.88,12329.98
2017-12-06 07:00:00,12493.93,12552.71,12445.98,12481.5
2017-12-06 08:00:00,12533.22,12576.58,12459.37,12481.22
2017-12-06 09:00:00,12608.86,12650.88,12531.68,12538.69
2017-12-06 10:00:00,12755.67,12871.02,12646.58,12649.82
2017-12-06 11:00:00,12772.55,12884.78,12641.88,12871.02
2017-12-06 12:00:00,12791.33,12829.68,12735.67,12735.67
2017-12-06 13:00:00,12813.38,12867.45,12745.11,12824.27
2017-12-06 14:00:00,12861.95,12916.51,12792.91,12792.91
2017-12-06 15:00:00,12798.18,12891.51,12582.22,12891.51
2017-12-06 16:00:00,12655.0,12728.12,12523.91,12582.22
2017-12-06 17:00:00,12786.4,12816.54,12726.25,12728.12
2017-12-06 18:00:00,12834.99,12897.05,12780.05,12780.05
2017-12-06 19:00:00,13080.63,13241.47,12897.05,12897.05
2017-12-06 20:00:00,13249.05,13336.7,13138.44,13241.47
2017-12-06 21:00:00,13296.2,13350.25,13257.41,13336.7
2017-12-06 22:00:00,13601.86,13919.73,13350.25,13350.25
2017-12-06 23:00:00,13711.93,13919.73,13566.47,13919.73
2017-12-07 00:00:00,14057.38,14185.95,13779.24,13779.24
2017-12-07 01:00:00,14079.22,14200.69,13889.75,14121.42
2017-12-07 02:00:00,13802.27,14100.23,13458.22,14100.23
2017-12-07 03:00:00,13896.28,14011.77,13746.03,13746.03
2017-12-07 04:00:00,14019.25,14185.83,13807.42,13807.42
2017-12-07 05:00:00,14205.95,14279.61,14078.11,14185.83
2017-12-07 06:00:00,14272.21,14356.7,14174.65,14237.34
2017-12-07 07:00:00,14270.77,14359.62,14159.72,14195.89
2017-12-07 08:00:00,14608.77,15653.12,14359.62,14359.62
2017-12-07 09:00:00,14665.22,14768.81,14537.4,14631.52
2017-12-07 10:00:00,14916.39,15152.8,14753.02,14768.81
2017-12-07 11:00:00,14843.14,15172.88,14203.05,15152.8
2017-12-07 12:00:00,14739.58,15053.35,14203.05,14203.05
2017-12-07 13:00:00,15056.56,15191.29,14818.42,14858.23
2017-12-07 14:00:00,15369.31,15495.85,15163.38,15163.38
2017-12-07 15:00:00,15796.01,15981.28,15471.55,15471.55
2017-12-07 16:00:00,16024.51,16717.13,15193.51,15946.22
2017-12-07 17:00:00,15433.96,15783.29,15047.79,15429.85
2017-12-07 18:00:00,16013.59,16191.16,15637.15,15654.08
2017-12-07 19:00:00,15711.1,16119.4,15184.34,16109.92
2017-12-07 20:00:00,15689.07,15861.6,15512.27,15586.0
2017-12-07 21:00:00,16095.93,16268.98,15861.6,15861.6
2017-12-07 22:00:00,16478.52,16674.68,16187.39,16187.39
2017-12-07 23:00:00,16608.93,16843.55,16390.96,16612.84
2017-12-08 00:00:00,16974.05,17111.77,16764.21,16815.66
2017-12-08 01:00:00,17104.59,17252.17,16903.62,17110.73
2017-12-08 02:00:00,16904.32,17212.82,16588.32,17212.82
2017-12-08 03:00:00,16402.71,16931.07,15829.5,16931.07
2017-12-08 04:00:00,16245.81,16655.98,15785.91,16447.28
2017-12-08 05:00:00,15254.35,15785.91,14594.96,15785.91
2017-12-08 06:00:00,15695.37,16142.37,15220.87,15629.89
2017-12-08 07:00:00,16135.87,16400.69,15780.47,16100.67
2017-12-08 08:00:00,16047.2,16208.2,15626.55,16151.45
2017-12-08 09:00:00,15362.8,15815.47,14989.11,15626.55
2017-12-08 10:00:00,15316.99,15673.57,15032.88,15400.01
2017-12-08 11:00:00,14674.71,15032.88,14022.66,15032.88
2017-12-08 12:00:00,15039.95,15172.88,14740.19,14910.08
2017-12-08 13:00:00,14894.67,15200.0,14554.41,14988.3
2017-12-08 14:00:00,15486.4,16001.99,15105.17,15127.38
2017-12-08 15:00:00,15648.29,15915.27,15362.59,15915.27
2017-12-08 16:00:00,15453.74,15708.58,15024.38,15497.17
2017-12-08 17:00:00,15201.52,15321.87,14976.09,15244.03
2017-12-08 18:00:00,15066.75,15549.28,14926.04,14977.11
2017-12-08 19:00:00,15381.26,15643.46,15200.58,15200.58
2017-12-08 20:00:00,15251.29,15582.84,15096.17,15296.47
2017-12-08 21:00:00,15525.69,15909.49,15148.82,15148.82
2017-12-08 22:00:00,15921.68,16065.27,15827.81,15846.32
2017-12-08 23:00:00,15977.55,16127.57,15847.13,15891.18
2017-12-09 00:00:00,16101.9,16261.35,15845.03,16045.84
2017-12-09 01:00:00,15837.97,15981.07,15542.82,15845.03
2017-12-09 02:00:00,15692.26,15824.17,15542.82,15542.82
2017-12-09 03:00:00,15748.25,15818.16,15651.49,15804.94
2017-12-09 04:00:00,15678.62,15826.5,15398.42,15713.44
2017-12-09 05:00:00,15319.98,15491.14,15110.15,15424.53
2017-12-09 06:00:00,15455.65,15563.79,15255.68,15290.72
2017-12-09 07:00:00,15617.38,15697.43,15467.98,15467.98
2017-12-09 08:00:00,15438.66,15597.08,15262.55,15597.08
2017-12-09 09:00:00,15277.92,15440.53,15127.09,15345.48
2017-12-09 10:00:00,15118.75,15265.1,14897.75,15263.32
2017-12-09 11:00:00,15031.95,15241.77,14717.92,14897.75
2017-12-09 12:00:00,15182.7,15331.3,14915.27,15151.59
2017-12-09 13:00:00,15147.78,15274.83,14953.92,14953.92
2017-12-09 14:00:00,15151.21,15256.39,15071.08,15256.39
2017-12-09 15:00:00,14914.5,15094.84,14778.98,15094.84
2017-12-09 16:00:00,14500.99,14832.41,14163.55,14778.98
2017-12-09 17:00:00,13769.32,14354.81,13203.34,14354.81
2017-12-09 18:00:00,14258.1,14562.21,13669.58,13669.58
2017-12-09 19:00:00,14280.21,14470.19,14037.78,14342.52
2017-12-09 20:00:00,14550.24,14734.93,14305.12,14305.12
2017-12-09 21:00:00,14495.7,14642.77,14353.98,14565.86
2017-12-09 22:00:00,14797.29,15031.01,14577.41,14642.77
2017-12-09 23:00:00,14763.54,14886.27,14673.01,14885.33
2017-12-10 00:00:00,14480.71,14886.27,14278.67,14886.27
2017-12-10 01:00:00,14005.93,14398.45,13692.57,14398.45
2017-12-10 02:00:00,13969.83,14205.47,13620.36,13918.34
2017-12-10 03:00:00,13417.21,13663.15,13145.28,13620.36
2017-12-10 04:00:00,13391.43,13760.47,13120.12,13149.08
2017-12-10 05:00:00,13475.59,13749.38,13287.73,13749.38
2017-12-10 06:00:00,13697.01,14042.13,13481.56,13526.98
2017-12-10 07:00:00,13720.94,14024.33,13457.67,13965.32
2017-12-10 08:00:00,13459.56,13712.1,13322.72,13712.1
2017-12-10 09:00:00,13616.31,13809.28,13461.21,13555.87
2017-12-10 10:00:00,13939.84,14153.95,13723.71,13771.64
2017-12-10 11:00:00,13888.82,14012.54,13689.21,13846.34
2017-12-10 12:00:00,13839.87,14012.05,13712.66,13873.45
2017-12-10 13:00:00,14419.5,14797.7,13964.92,13964.92
2017-12-10 14:00:00,15234.48,15584.0,14773.57,14773.57
2017-12-10 15:00:00,15270.41,15587.04,14876.24,15187.98
2017-12-10 16:00:00,15404.53,15576.6,15213.34,15420.88
2017-12-10 17:00:00,15372.54,15443.49,15200.7,15213.34
2017-12-10 18:00:00,15262.24,15396.11,15089.41,15396.11
2017-12-10 19:00:00,15392.97,15646.71,15213.39,15236.51
2017-12-10 20:00:00,15452.89,15627.32,15303.46,15586.6
2017-12-10 21:00:00,14948.5,15414.98,14530.68,15350.97
2017-12-10 22:00:00,14740.69,14911.51,14503.22,14547.09
2017-12-10 23:00:00,15312.2,15762.72,14577.05,14577.05
2017-12-11 00:00:00,15230.27,15381.75,15050.44,15060.73
2017-12-11 01:00:00,15725.42,16005.86,15351.58,15351.58
2017-12-11 02:00:00,16062.19,16272.31,15850.33,16002.6
2017-12-11 03:00:00,16402.52,16600.11,16215.76,16272.31
2017-12-11 04:00:00,16256.45,16488.62,15985.34,16266.85
2017-12-11 05:00:00,16293.55,16384.59,16197.14,16215.56
2017-12-11 06:00:00,16469.79,16691.54,16223.45,16245.92
2017-12-11 07:00:00,16608.69,16708.45,16530.14,16672.74
2017-12-11 08:00:00,16633.22,16725.33,16466.2,16621.49
2017-12-11 09:00:00,16492.34,16545.1,16428.3,16487.25
2017-12-11 10:00:00,16613.49,16680.35,16535.67,16535.67
2017-12-11 11:00:00,16502.32,16618.64,16326.91,16618.64
2017-12-11 12:00:00,16515.48,16604.09,16326.91,16326.91
2017-12-11 13:00:00,16380.26,16553.84,16220.83,16499.16
2017-12-11 14:00:00,16411.34,16515.67,16268.95,16395.99
2017-12-11 15:00:00,16410.78,16544.98,16319.84,16364.85
2017-12-11 16:00:00,16471.99,16557.5,16370.33,16490.22
2017-12-11 17:00:00,16388.02,16466.32,16343.96,16466.32
2017-12-11 18:00:00,16506.77,16566.33,16384.43,16384.43
2017-12-11 19:00:00,16677.12,16962.51,16546.46,16566.33
2017-12-11 20:00:00,17198.6,17352.23,16962.51,16962.51
2017-12-11 21:00:00,17098.84,17242.74,16933.79,17242.74
2017-12-11 22:00:00,17005.82,17170.13,16900.35,17170.13
2017-12-11 23:00:00,16826.31,16971.58,16658.47,16919.6
2017-12-12 00:00:00,16656.27,16767.21,16539.92,16702.87
2017-12-12 01:00:00,16691.59,16916.1,16574.31,16679.56
2017-12-12 02:00:00,16765.03,16940.67,16649.69,16899.03
2017-12-12 03:00:00,16495.73,16708.1,16331.87,16702.11
2017-12-12 04:00:00,16391.49,16469.62,16286.87,16364.49
2017-12-12 05:00:00,16405.24,16561.02,16254.53,16292.14
2017-12-12 06:00:00,16505.0,16564.31,16441.32,16561.02
2017-12-12 07:00:00,16640.6,16777.5,16507.85,16560.09
2017-12-12 08:00:00,16866.95,16935.56,16773.01,16773.01
2017-12-12 09:00:00,16921.18,16986.37,16868.94,16883.74
2017-12-12 10:00:00,16790.63,16882.67,16712.54,16882.67
2017-12-12 11:00:00,16805.84,16851.61,16721.48,16721.8
2017-12-12 12:00:00,16737.85,16809.0,16658.23,16801.87
2017-12-12 13:00:00,17036.54,17207.35,16761.39,16761.39
2017-12-12 14:00:00,17112.8,17178.74,17053.29,17168.33
2017-12-12 15:00:00,16985.93,17082.08,16917.43,17053.29
2017-12-12 16:00:00,17089.11,17135.4,17038.16,17082.08
2017-12-12 17:00:00,17140.03,17305.53,17047.56,17067.34
2017-12-12 18:00:00,17393.12,17573.84,17300.25,17305.53
2017-12-12 19:00:00,17377.52,17450.27,17216.73,17390.16
2017-12-12 20:00:00,17375.38,17494.8,17177.52,17399.62
2017-12-12 21:00:00,17206.65,17293.23,17070.42,17177.52
2017-12-12 22:00:00,17283.72,17331.57,17216.05,17230.09
2017-12-12 23:00:00,17170.01,17342.57,17068.23,17331.56
2017-12-13 00:00:00,17258.53,17312.1,17151.02,17151.02
2017-12-13 01:00:00,17137.34,17295.94,16991.07,17295.94
2017-12-13 02:00:00,16770.83,17165.41,16293.19,17071.49
2017-12-13 03:00:00,16626.08,16731.91,16513.94,16571.98
2017-12-13 04:00:00,16500.47,16604.65,16417.48,16598.46
2017-12-13 05:00:00,16849.01,16914.13,16599.58,16599.58
2017-12-13 06:00:00,16754.81,16861.96,16681.51,16861.96
2017-12-13 07:00:00,16752.8,16815.35,16714.67,16798.96
2017-12-13 08:00:00,16739.2,16811.1,16654.54,16745.08
2017-12-13 09:00:00,16761.74,16818.23,16712.03,16795.27
2017-12-13 10:00:00,16834.85,16882.41,16799.39,16818.19
2017-12-13 11:00:00,16854.01,16962.22,16791.68,16823.55
2017-12-13 12:00:00,17063.47,17221.43,16806.01,16806.01
2017-12-13 13:00:00,17144.8,17226.25,17052.52,17135.21
2017-12-13 14:00:00,17115.4,17210.51,17010.27,17092.14
2017-12-13 15:00:00,17067.91,17164.99,16970.91,17053.85
2017-12-13 16:00:00,16839.21,16970.91,16613.96,16970.91
2017-12-13 17:00:00,16506.91,16718.65,16292.74,16718.65
2017-12-13 18:00:00,16114.41,16444.72,15749.24,16444.72
2017-12-13 19:00:00,16357.81,16491.65,16137.17,16227.77
2017-12-13 20:00:00,16355.0,16506.27,16247.34,16450.5
2017-12-13 21:00:00,16611.92,16699.11,16247.34,16247.34
2017-12-13 22:00:00,16601.18,16729.91,16452.76,16689.8
2017-12-13 23:00:00,16383.18,16519.5,16251.21,16461.7
2017-12-14 00:00:00,16363.03,16517.47,16263.67,16345.28
2017-12-14 01:00:00,16392.26,16517.47,16263.59,16517.47
2017-12-14 02:00:00,16211.93,16363.58,16102.82,16363.58
2017-12-14 03:00:00,16166.33,16223.82,16108.18,16149.17
2017-12-14 04:00:00,16399.06,16505.73,16202.5,16202.5
2017-12-14 05:00:00,16397.05,16490.1,16299.13,16436.35
2017-12-14 06:00:00,16397.37,16478.67,16312.83,16351.56
2017-12-14 07:00:00,16383.71,16585.52,16283.23,16312.83
2017-12-14 08:00:00,16807.36,17001.56,16585.52,16585.52
2017-12-14 09:00:00,16643.23,16755.23,16461.64,16728.85
2017-12-14 10:00:00,16555.75,16722.55,16443.19,16461.64
2017-12-14 11:00:00,16608.78,16676.58,16524.05,16630.49
2017-12-14 12:00:00,16695.05,16820.25,16564.82,16664.93
2017-12-14 13:00:00,16683.07,16745.01,16606.04,16737.92
2017-12-14 14:00:00,16494.47,16637.79,16293.94,16630.7
2017-12-14 15:00:00,16308.06,16463.68,16134.2,16293.94
2017-12-14 16:00:00,16447.46,16505.74,16370.51,16450.93
2017-12-14 17:00:00,16536.11,16591.1,16391.33,16391.33
2017-12-14 18:00:00,16586.62,16660.38,16506.29,16529.71
2017-12-14 19:00:00,16521.54,16571.96,16463.3,16506.29
2017-12-14 20:00:00,16498.64,16546.2,16409.98,16513.56
2017-12-14 21:00:00,16396.44,16460.51,16322.52,16409.98
2017-12-14 22:00:00,16502.99,16556.62,16431.82,16453.67
2017-12-14 23:00:00,16471.51,16526.52,16423.81,16459.8
2017-12-15 00:00:00,16729.12,16977.9,16486.16,16500.79
2017-12-15 01:00:00,16980.28,17176.84,16801.05,16957.26
2017-12-15 02:00:00,17267.18,17638.27,16971.99,17064.2
2017-12-15 03:00:00,17293.16,17433.79,17122.26,17346.05
2017-12-15 04:00:00,17199.41,17333.19,17065.66,17215.64
2017-12-15 05:00:00,17312.34,17406.02,17251.55,17272.02
2017-12-15 06:00:00,17247.81,17321.43,17188.7,17267.91
2017-12-15 07:00:00,17176.96,17233.29,17128.79,17204.09
2017-12-15 08:00:00,17167.42,17308.34,17081.19,17134.12
2017-12-15 09:00:00,17428.03,17616.37,17288.71,17288.71
2017-12-15 10:00:00,17787.96,17938.5,17585.77,17585.77
2017-12-15 11:00:00,17830.88,17956.34,17717.52,17791.45
2017-12-15 12:00:00,17926.94,17992.17,17849.0,17944.22
2017-12-15 13:00:00,17763.74,17904.74,17639.2,17886.32
2017-12-15 14:00:00,17798.58,17907.55,17723.68,17840.75
2017-12-15 15:00:00,17652.3,17746.47,17552.66,17723.68
2017-12-15 16:00:00,17675.62,17730.64,17593.38,17597.67
2017-12-15 17:00:00,17640.99,17693.93,17573.14,17639.56
2017-12-15 18:00:00,17657.99,17795.78,17581.53,17616.38
2017-12-15 19:00:00,17739.41,17850.96,17677.8,17779.78
2017-12-15 20:00:00,17763.51,17835.26,17691.53,17717.38
2017-12-15 21:00:00,17602.62,17754.44,17454.25,17750.5
2017-12-15 22:00:00,17505.72,17622.07,17380.96,17592.81
2017-12-15 23:00:00,17602.61,17680.53,17534.6,17578.46
2017-12-16 00:00:00,17628.83,17692.6,17560.39,17628.71
2017-12-16 01:00:00,17595.23,17635.17,17535.91,17620.75
2017-12-16 02:00:00,17546.21,17596.61,17456.35,17555.0
2017-12-16 03:00:00,17458.0,17530.96,17389.69,17480.35
2017-12-16 04:00:00,17530.62,17603.95,17423.04,17423.04
2017-12-16 05:00:00,17588.85,17611.1,17551.64,17551.64
2017-12-16 06:00:00,17703.26,17788.97,17599.37,17599.37
2017-12-16 07:00:00,17866.29,17940.17,17785.19,17786.55
2017-12-16 08:00:00,17862.47,17949.65,17767.84,17917.02
2017-12-16 09:00:00,17950.54,17971.05,17909.25,17927.55
2017-12-16 10:00:00,17951.36,18016.55,17909.15,17966.06
2017-12-16 11:00:00,17999.57,18112.6,17918.56,17918.56
2017-12-16 12:00:00,18095.24,18137.52,18054.0,18079.65
2017-12-16 13:00:00,18311.15,18449.01,18127.73,18127.73
2017-12-16 14:00:00,18467.17,18621.03,18356.6,18426.63
2017-12-16 15:00:00,18708.51,18906.69,18530.93,18621.03
2017-12-16 16:00:00,18780.25,18924.86,18581.04,18899.03
2017-12-16 17:00:00,18786.85,18880.41,18712.47,18836.33
2017-12-16 18:00:00,18772.45,18804.95,18733.72,18804.95
2017-12-16 19:00:00,19009.31,19254.19,18796.24,18796.24
2017-12-16 20:00:00,19257.73,19340.55,19126.72,19254.19
2017-12-16 21:00:00,19224.35,19314.38,19076.46,19233.12
2017-12-16 22:00:00,19342.03,19481.72,19228.96,19307.29
2017-12-16 23:00:00,19462.65,19570.17,19336.4,19424.8
2017-12-17 00:00:00,19262.22,19352.89,19143.79,19336.4
2017-12-17 01:00:00,19126.36,19245.89,18925.56,19198.18
2017-12-17 02:00:00,19137.09,19250.61,18971.47,19064.97
2017-12-17 03:00:00,19239.78,19349.0,19151.59,19192.47
2017-12-17 04:00:00,19125.9,19199.54,19044.21,19169.47
2017-12-17 05:00:00,19244.58,19371.08,19105.04,19111.1
2017-12-17 06:00:00,19338.97,19377.78,19289.02,19335.17
2017-12-17 07:00:00,19520.84,19603.39,19377.78,19377.78
2017-12-17 08:00:00,19528.73,19592.76,19417.38,19586.01
2017-12-17 09:00:00,19484.25,19620.41,19383.35,19417.38
2017-12-17 10:00:00,19627.69,19692.76,19594.87,19620.41
2017-12-17 11:00:00,19726.25,19775.46,19665.62,19665.62
2017-12-17 12:00:00,19777.36,19843.02,19607.82,19758.07
2017-12-17 13:00:00,19690.19,19775.26,19584.79,19619.87
2017-12-17 14:00:00,19592.64,19698.16,19399.13,19698.16
2017-12-17 15:00:00,19388.46,19494.62,19251.5,19439.58
2017-12-17 16:00:00,19298.0,19461.0,19075.6,19403.56
2017-12-17 17:00:00,19227.16,19290.57,19099.44,19099.44
2017-12-17 18:00:00,19113.69,19185.41,18889.15,19185.41
2017-12-17 19:00:00,18890.05,19072.38,18747.67,18889.15
2017-12-17 20:00:00,19174.28,19301.17,18957.53,18957.53
2017-12-17 21:00:00,19026.94,19074.33,18989.66,19071.64
2017-12-17 22:00:00,19240.83,19487.33,18999.88,19007.9
2017-12-17 23:00:00,19040.3,19384.27,18867.86,19384.27
2017-12-18 00:00:00,18699.06,19043.99,18195.09,19043.99
2017-12-18 01:00:00,18322.37,18555.25,18129.9,18272.33
2017-12-18 02:00:00,18514.12,18798.0,18287.56,18472.19
2017-12-18 03:00:00,18519.06,18638.44,18302.66,18302.66
2017-12-18 04:00:00,18779.25,18937.24,18593.48,18593.48
2017-12-18 05:00:00,18813.29,18931.83,18688.42,18759.99
2017-12-18 06:00:00,18954.2,19016.39,18862.75,18931.06
2017-12-18 07:00:00,18866.38,18962.47,18631.97,18960.46
2017-12-18 08:00:00,18821.77,18998.03,18688.87,18688.87
2017-12-18 09:00:00,18779.27,18961.74,18624.13,18961.74
2017-12-18 10:00:00,18843.52,18947.71,18766.23,18770.53
2017-12-18 11:00:00,19023.37,19192.43,18859.74,18859.74
2017-12-18 12:00:00,19088.97,19195.61,18939.44,19132.42
2017-12-18 13:00:00,18846.55,18972.42,18721.99,18939.44
2017-12-18 14:00:00,18523.18,18760.0,18315.92,18760.0
2017-12-18 15:00:00,18744.33,18834.98,18623.44,18623.44
2017-12-18 16:00:00,18692.85,18808.72,18591.19,18742.4
2017-12-18 17:00:00,18558.74,18627.54,18501.33,18591.19
2017-12-18 18:00:00,18436.94,18548.98,18328.2,18548.98
2017-12-18 19:00:00,18646.5,18746.1,18447.97,18447.97
2017-12-18 20:00:00,18653.58,18750.83,18569.94,18746.1
2017-12-18 21:00:00,18712.58,18755.7,18661.99,18671.63
2017-12-18 22:00:00,18682.3,18769.38,18639.02,18702.24
2017-12-18 23:00:00,18905.31,18979.26,18769.38,18769.38
2017-12-19 00:00:00,18842.9,19004.4,18719.34,18958.88
2017-12-19 01:00:00,18822.93,18898.28,18748.83,18791.59
2017-12-19 02:00:00,18754.59,18814.28,18678.79,18750.91
2017-12-19 03:00:00,18786.87,18951.69,18678.9,18781.12
2017-12-19 04:00:00,18886.47,18949.98,18842.89,18943.45
2017-12-19 05:00:00,18833.18,18880.9,18778.04,18872.22
2017-12-19 06:00:00,18745.6,18822.18,18686.14,18807.34
2017-12-19 07:00:00,18760.71,18816.83,18686.14,18686.14
2017-12-19 08:00:00,18800.98,18827.12,18755.77,18755.77
2017-12-19 09:00:00,18697.64,18818.51,18476.94,18814.54
2017-12-19 10:00:00,18337.07,18560.62,18052.79,18560.62
2017-12-19 11:00:00,18056.69,19422.87,17634.66,18174.34
2017-12-19 12:00:00,18004.8,18133.67,17760.43,17760.43
2017-12-19 13:00:00,18163.81,18309.17,17965.01,17965.01
2017-12-19 14:00:00,17858.12,18069.83,17724.62,18069.83
2017-12-19 15:00:00,17894.12,17976.59,17835.35,17866.07
2017-12-19 16:00:00,18138.39,18330.4,17931.78,17931.78
2017-12-19 17:00:00,18273.54,18408.77,18178.92,18323.68
2017-12-19 18:00:00,18194.05,18269.58,18100.45,18178.92
2017-12-19 19:00:00,17996.07,18178.08,17832.24,18178.08
2017-12-19 20:00:00,17755.24,17974.33,17556.64,17917.22
2017-12-19 21:00:00,17177.0,17716.11,16904.76,17653.05
2017-12-19 22:00:00,17309.79,17470.53,17041.93,17041.93
2017-12-19 23:00:00,17466.38,17697.09,17257.56,17287.08
2017-12-20 00:00:00,16874.09,17614.62,15912.2,17614.62
2017-12-20 01:00:00,16438.19,16903.08,15992.69,16903.08
2017-12-20 02:00:00,16859.8,17198.12,16274.39,16274.39
2017-12-20 03:00:00,17060.38,17207.21,16873.23,17198.12
2017-12-20 04:00:00,16924.98,17040.39,16708.0,16873.23
2017-12-20 05:00:00,16736.87,16960.19,16498.4,16955.32
2017-12-20 06:00:00,16239.08,16498.97,15956.32,16498.97
2017-12-20 07:00:00,16523.0,16765.69,16192.27,16353.11
2017-12-20 08:00:00,16730.33,17085.82,16427.06,16487.0
2017-12-20 09:00:00,16958.06,17085.82,16873.31,17085.82
2017-12-20 10:00:00,17294.52,17524.65,16994.23,16994.23
2017-12-20 11:00:00,17351.4,17546.68,17211.2,17390.86
2017-12-20 12:00:00,17646.98,17842.31,17452.69,17452.69
2017-12-20 13:00:00,17496.44,17840.5,17076.91,17840.5
2017-12-20 14:00:00,17282.02,17487.84,17146.75,17146.75
2017-12-20 15:00:00,16831.51,17251.11,16498.58,17251.11
2017-12-20 16:00:00,16329.8,16550.56,16108.43,16550.56
2017-12-20 17:00:00,16743.13,16923.77,16344.01,16344.01
2017-12-20 18:00:00,16762.1,16908.28,16617.6,16908.28
2017-12-20 19:00:00,16725.82,16877.94,16544.24,16856.04
2017-12-20 20:00:00,16733.46,16810.52,16634.46,16773.64
2017-12-20 21:00:00,16428.71,16745.73,16225.15,16745.73
2017-12-20 22:00:00,16102.23,16340.82,15702.44,16294.32
2017-12-20 23:00:00,16398.1,16518.23,16140.43,16323.34
2017-12-21 00:00:00,16580.3,16724.71,16439.56,16479.94
2017-12-21 01:00:00,16560.13,16712.27,16442.71,16712.27
2017-12-21 02:00:00,16516.05,16632.38,16380.12,16541.31
2017-12-21 03:00:00,16455.49,16920.96,16154.72,16405.94
2017-12-21 04:00:00,16933.76,17064.82,16820.46,16916.77
2017-12-21 05:00:00,16813.12,16917.83,16687.23,16917.83
2017-12-21 06:00:00,16993.39,17223.57,16783.42,16785.63
2017-12-21 07:00:00,17141.68,17339.4,16981.4,17220.27
2017-12-21 08:00:00,16868.81,17097.69,16761.69,17097.69
2017-12-21 09:00:00,16883.19,16956.11,16785.31,16807.99
2017-12-21 10:00:00,16635.63,16832.07,16534.93,16832.07
2017-12-21 11:00:00,16652.78,16768.47,16510.92,16634.4
2017-12-21 12:00:00,16748.79,16817.37,16668.97,16679.31
2017-12-21 13:00:00,16521.19,16725.57,16228.8,16707.41
2017-12-21 14:00:00,16285.28,16420.91,16034.72,16269.88
2017-12-21 15:00:00,15747.17,16071.17,15303.01,16042.68
2017-12-21 16:00:00,15628.31,15803.3,15374.76,15484.91
2017-12-21 17:00:00,15415.6,15738.97,15051.57,15700.87
2017-12-21 18:00:00,15345.9,15492.93,15240.43,15355.99
2017-12-21 19:00:00,15274.46,15432.39,15125.89,15326.63
2017-12-21 20:00:00,15340.27,15464.81,15145.62,15432.39
2017-12-21 21:00:00,15386.31,15684.54,15218.63,15258.05
2017-12-21 22:00:00,15661.09,15766.51,15548.75,15612.76
2017-12-21 23:00:00,15540.41,15617.78,15464.66,15580.68
2017-12-22 00:00:00,15509.17,15797.43,15104.43,15617.78
2017-12-22 01:00:00,14803.78,15104.43,14371.89,15104.43
2017-12-22 02:00:00,14490.77,14753.05,13939.41,14538.11
2017-12-22 03:00:00,13736.82,14219.46,13173.93,14049.46
2017-12-22 04:00:00,14485.49,14787.46,13994.07,14202.95
2017-12-22 05:00:00,14345.93,14805.02,13864.28,14683.98
2017-12-22 06:00:00,13889.77,14300.9,13508.38,14064.68
2017-12-22 07:00:00,13040.93,13552.07,12447.68,13508.38
2017-12-22 08:00:00,13161.96,13524.46,12909.63,13303.8
2017-12-22 09:00:00,13588.48,13883.82,13237.15,13237.15
2017-12-22 10:00:00,14090.22,14545.4,13664.2,13666.43
2017-12-22 11:00:00,13758.54,14058.56,13531.99,14058.56
2017-12-22 12:00:00,13798.57,13960.94,13493.16,13805.73
2017-12-22 13:00:00,12742.62,13567.72,12114.69,13516.06
2017-12-22 14:00:00,11623.57,12223.16,10928.88,12114.69
2017-12-22 15:00:00,12846.77,13568.29,11728.24,11786.79
2017-12-22 16:00:00,12729.33,13159.78,12353.32,13043.57
2017-12-22 17:00:00,13032.94,13395.86,12815.3,12945.86
2017-12-22 18:00:00,13086.96,13438.1,12676.4,12956.96
2017-12-22 19:00:00,13201.1,13533.4,12890.18,13383.38
2017-12-22 20:00:00,13703.64,14247.59,13158.2,13195.21
2017-12-22 21:00:00,14130.47,14352.07,13763.87,14181.37
2017-12-22 22:00:00,14658.4,15286.52,14081.84,14081.84
2017-12-22 23:00:00,14601.62,15286.52,13878.88,15286.52
2017-12-23 00:00:00,14111.68,14469.78,13693.16,14195.6
2017-12-23 01:00:00,13947.8,14117.56,13733.43,13733.43
2017-12-23 02:00:00,14408.62,14776.21,13956.53,13956.53
2017-12-23 03:00:00,14665.71,14966.33,14428.6,14601.92
2017-12-23 04:00:00,14802.97,14987.42,14392.06,14966.33
2017-12-23 05:00:00,14189.07,14522.14,13846.12,14447.15
2017-12-23 06:00:00,13806.98,14012.13,13545.18,13955.85
2017-12-23 07:00:00,14255.55,14398.38,13995.12,13996.53
2017-12-23 08:00:00,14561.3,14794.21,14303.09,14311.32
2017-12-23 09:00:00,14371.44,14559.69,14258.92,14329.87
2017-12-23 10:00:00,14545.44,14832.74,14335.61,14548.54
2017-12-23 11:00:00,14935.03,15155.11,14790.28,14790.28
2017-12-23 12:00:00,15242.86,15419.06,15047.87,15047.87
2017-12-23 13:00:00,15302.24,15403.43,15195.23,15246.53
2017-12-23 14:00:00,15666.66,15928.77,15403.43,15403.43
2017-12-23 15:00:00,15626.24,16088.01,14838.69,15920.19
2017-12-23 16:00:00,15124.81,15679.45,14878.76,14878.76
2017-12-23 17:00:00,15159.01,15679.45,14882.15,15679.45
2017-12-23 18:00:00,15114.48,15245.37,14950.03,15134.28
2017-12-23 19:00:00,15024.27,15073.83,14967.52,14992.01
2017-12-23 20:00:00,15201.82,15344.18,14999.5,15031.29
2017-12-23 21:00:00,15367.25,15521.76,15277.49,15277.49
2017-12-23 22:00:00,15356.51,15439.15,15041.12,15353.84
2017-12-23 23:00:00,14792.76,15252.89,14379.88,15041.12
2017-12-24 00:00:00,14409.13,14574.35,14228.58,14574.35
2017-12-24 01:00:00,14385.57,14628.84,14217.99,14491.14
2017-12-24 02:00:00,14212.18,14515.15,13841.91,14515.15
2017-12-24 03:00:00,14288.43,14576.04,13856.83,13856.83
2017-12-24 04:00:00,14051.85,14437.28,13563.35,14424.62
2017-12-24 05:00:00,13906.91,14050.6,13744.62,13744.62
2017-12-24 06:00:00,14165.09,14360.0,13996.53,14026.97
2017-12-24 07:00:00,14271.45,14449.7,14094.94,14336.19
2017-12-24 08:00:00,14507.09,14686.91,14048.89,14095.08
2017-12-24 09:00:00,14099.12,14661.38,13782.57,14629.65
2017-12-24 10:00:00,13648.39,13947.94,13327.93,13800.39
2017-12-24 11:00:00,13059.96,13549.7,12776.72,13360.9
2017-12-24 12:00:00,13235.7,13503.33,12870.71,13192.32
2017-12-24 13:00:00,13182.22,13647.89,12965.11,13303.77
2017-12-24 14:00:00,13418.01,13665.72,13260.85,13343.58
2017-12-24 15:00:00,13316.73,13666.61,13027.93,13592.24
2017-12-24 16:00:00,13397.09,13659.3,13184.28,13184.28
2017-12-24 17:00:00,13287.05,13552.24,13049.84,13310.12
2017-12-24 18:00:00,12959.13,13109.57,12807.24,13049.84
2017-12-24 19:00:00,12797.74,12953.82,12616.17,12909.69
2017-12-24 20:00:00,13214.42,13573.88,12809.06,12822.52
2017-12-24 21:00:00,13276.11,13598.83,13102.82,13350.06
2017-12-24 22:00:00,13404.92,13595.7,13118.15,13464.12
2017-12-24 23:00:00,13939.64,14253.19,13521.54,13521.54
2017-12-25 00:00:00,14233.41,14338.14,13656.97,14235.35
2017-12-25 01:00:00,13676.54,14165.4,13549.1,14165.4
2017-12-25 02:00:00,13528.38,13729.79,13297.6,13729.79
2017-12-25 03:00:00,13487.52,13725.69,13372.53,13372.53
2017-12-25 04:00:00,13924.83,14244.48,13564.78,13688.48
2017-12-25 05:00:00,13750.05,13865.34,13663.54,13846.83
2017-12-25 06:00:00,13830.06,14019.76,13650.98,13865.34
2017-12-25 07:00:00,13857.23,13964.55,13742.5,13758.31
2017-12-25 08:00:00,13982.91,14172.27,13766.81,13920.21
2017-12-25 09:00:00,14038.95,14252.76,13870.43,14151.1
2017-12-25 10:00:00,13987.27,14089.05,13878.41,13878.41
2017-12-25 11:00:00,14080.08,14228.21,13959.64,13977.05
2017-12-25 12:00:00,14345.65,14741.26,14127.76,14127.76
2017-12-25 13:00:00,14493.96,14718.53,14131.39,14718.53
2017-12-25 14:00:00,14014.05,14160.07,13829.6,14149.39
2017-12-25 15:00:00,14053.57,14174.0,13856.16,13856.16
2017-12-25 16:00:00,14222.3,14287.63,14076.71,14113.48
2017-12-25 17:00:00,13875.59,14224.06,13761.49,14224.06
2017-12-25 18:00:00,14240.11,14388.34,13846.05,13846.05
2017-12-25 19:00:00,14138.06,14286.45,14016.79,14281.68
2017-12-25 20:00:00,14152.49,14369.44,13975.02,14046.55
2017-12-25 21:00:00,14030.55,14103.72,13929.01,14032.36
2017-12-25 22:00:00,13793.37,14063.89,13643.65,14020.29
2017-12-25 23:00:00,13897.87,13986.79,13796.87,13796.87
2017-12-26 00:00:00,13995.51,14087.11,13883.69,13883.69
2017-12-26 01:00:00,13883.1,13962.56,13819.56,13962.56
2017-12-26 02:00:00,13949.03,14032.72,13874.58,13882.93
2017-12-26 03:00:00,14223.48,14779.07,13924.64,13944.36
2017-12-26 04:00:00,14952.81,15099.75,14687.47,14779.07
2017-12-26 05:00:00,15295.19,15511.22,15062.7,15062.7
2017-12-26 06:00:00,15216.56,15550.66,15078.49,15104.14
2017-12-26 07:00:00,15294.71,15544.73,15118.56,15544.73
2017-12-26 08:00:00,15160.04,15337.73,14930.87,15272.07
2017-12-26 09:00:00,15068.23,15284.87,14905.73,14930.87
2017-12-26 10:00:00,15213.58,15312.59,15107.63,15255.79
2017-12-26 11:00:00,14979.29,15165.67,14885.02,15130.52
2017-12-26 12:00:00,15082.28,15164.63,14908.02,14928.09
2017-12-26 13:00:00,15295.52,15451.76,15142.7,15142.7
2017-12-26 14:00:00,15451.86,15776.94,15227.82,15227.82
2017-12-26 15:00:00,15726.37,15826.16,15602.8,15776.94
2017-12-26 16:00:00,15967.65,16044.84,15752.83,15760.35
2017-12-26 17:00:00,15877.92,16021.12,15702.47,16021.12
2017-12-26 18:00:00,15798.48,15858.69,15722.81,15777.55
2017-12-26 19:00:00,15901.5,15980.08,15769.75,15769.75
2017-12-26 20:00:00,16045.81,16137.47,15822.75,15932.94
2017-12-26 21:00:00,15932.64,16031.2,15825.11,15884.77
2017-12-26 22:00:00,15893.09,16049.92,15770.62,15965.59
2017-12-26 23:00:00,15716.22,15857.28,15604.92,15794.06
2017-12-27 00:00:00,15700.47,15763.05,15605.23,15754.38
2017-12-27 01:00:00,15909.32,16018.76,15723.52,15723.52
2017-12-27 02:00:00,15878.39,15972.26,15823.24,15972.26
2017-12-27 03:00:00,15842.75,15903.95,15800.0,15859.95
2017-12-27 04:00:00,16249.76,16441.17,15898.86,15903.95
2017-12-27 05:00:00,16325.02,16392.85,16262.85,16355.34
2017-12-27 06:00:00,16424.22,16485.01,16369.67,16390.39
2017-12-27 07:00:00,16271.55,16437.12,16142.21,16393.7
2017-12-27 08:00:00,16231.71,16293.61,16090.56,16255.02
2017-12-27 09:00:00,15996.25,16220.45,15794.85,16090.56
2017-12-27 10:00:00,15726.49,15975.8,15547.07,15868.78
2017-12-27 11:00:00,15712.76,15794.65,15636.59,15656.73
2017-12-27 12:00:00,15948.01,16058.15,15710.05,15710.05
2017-12-27 13:00:00,15809.36,15974.94,15696.34,15974.94
2017-12-27 14:00:00,15731.76,15940.03,15413.67,15845.71
2017-12-27 15:00:00,15405.36,15504.32,15291.16,15431.61
2017-12-27 16:00:00,15255.11,15499.72,14887.84,15434.54
2017-12-27 17:00:00,14983.05,15144.37,14741.64,14962.72
2017-12-27 18:00:00,15171.81,15290.92,15029.77,15093.14
2017-12-27 19:00:00,15201.47,15346.89,14990.17,15195.47
2017-12-27 20:00:00,14953.4,15098.85,14836.35,15017.96
2017-12-27 21:00:00,15142.66,15274.91,14878.3,14919.38
2017-12-27 22:00:00,15364.45,15504.84,15212.37,15242.8
2017-12-27 23:00:00,15478.17,15568.42,15353.56,15400.53
2017-12-28 00:00:00,15403.0,15537.14,15218.02,15498.39
2017-12-28 01:00:00,15426.47,15541.02,15294.15,15309.67
2017-12-28 02:00:00,15177.52,15580.16,14443.66,15541.02
2017-12-28 03:00:00,14583.88,14848.21,14278.75,14575.8
2017-12-28 04:00:00,14548.4,14721.43,14226.55,14478.07
2017-12-28 05:00:00,14326.56,14583.91,14031.25,14564.67
2017-12-28 06:00:00,14095.13,14247.56,13966.71,14073.17
2017-12-28 07:00:00,14374.88,14507.61,14040.81,14040.81
2017-12-28 08:00:00,14330.71,14494.87,14208.9,14409.92
2017-12-28 09:00:00,14400.81,14543.25,14202.92,14300.39
2017-12-28 10:00:00,14217.39,14441.78,13711.46,14202.92
2017-12-28 11:00:00,13844.96,13993.99,13711.46,13711.46
2017-12-28 12:00:00,14006.71,14209.97,13838.54,13993.99
2017-12-28 13:00:00,14224.9,14337.46,14131.5,14151.14
2017-12-28 14:00:00,14174.05,14346.05,13960.2,14211.23
